{"convertStandardCrypto":0,"fingerprint":"9D1E5D0A1802AF767323A98C38C11A28A618FC057CBA83D43B3D13FE118EE940","deleteAfter":0,"includeDLC":0,"includeUpdate":0,"reinstallNca":0,"skipFirmwareCheck":1,"storageId":5,"streamInstall":1,"enableMTP":1,"disableGC":1,"heapMinSize":0,"titleDbUrl":"http://tinfoil.media/repo/db","xciInstallUpdate":0,"parentalMode":0,"googleApiKey":"","xciInstallDlc":0,"installUnsigned":5134950181343502466,"bypassFirmwareCheck":1,"username":"","password":"","music":0,"downloadIcons":1,"autoUpdate":1,"extractIcons":1,"connectTimeout":"15","region":"RU","language":"ru","logLevel":"Warning","theme":"hbg_shopatnight","windows":{"":{"display":0},"Console":{"display":1},"File Browser":{"display":0},"Incomplete":{"display":0,"sort":255},"Installed":{"display":0,"sort":255},"New DLC":{"display":0,"sort":255},"New Games":{"display":0,"sort":255},"New Updates":{"display":0,"sort":255},"Options":{"display":1},"Payloads":{"display":0},"Queue":{"display":1},"Recommended":{"display":0,"sort":255},"Search":{"display":0},"Shared Saves":{"display":0,"sort":255},"Tickets":{"display":1},"Tinfoil":{"display":0,"sort":255},"XCI":{"display":0,"sort":255},"lst":{"display":0},"menu":{"display":0},"search_results":{"display":0,"sort":255}}}